UserID,FName,LName,Gender,Address,Phone No.,CNIC,Username,Password,Type
1,John,Smith,Male,"123 Elm St, Springfield",123-4567,12345-6789012-3,jsmith,pass1234,Member
2,Jane,Doe,Female,"456 Oak St, Springfield",234-5678,12345-6789012-4,jdoe,qwerty123,Member
3,Bob,Johnson,Male,"789 Pine St, Springfield",345-6789,12345-6789012-5,bjohnson,letmein45,Member
4,Alice,Williams,Female,"101 Maple St, Springfield",456-7890,12345-6789012-6,awilliams,abc12345,Member
5,Tom,Brown,Male,"202 Birch St, Springfield",567-8901,12345-6789012-7,tbrown,password1,Member
6,Lisa,Davis,Female,"303 Cedar St, Springfield",678-9012,12345-6789012-8,ldavis,hunter2,Member
7,Sam,Miller,Male,"404 Spruce St, Springfield",789-0123,12345-6789012-9,smiller,sunshine,Admin
8,Rose,Wilson,Female,"505 Willow St, Springfield",890-1234,12345-6789012-10,rwilson,12345678,Member
9,Max,Moore,Male,"606 Ash St, Springfield",901-2345,12345-6789012-11,mmoore,1q2w3e4r,Member
10,Emma,Taylor,Female,"707 Beech St, Springfield",012-3456,12345-6789012-12,etaylor,secret123,Owner
11,Chris,Anderson,Male,"808 Fir St, Springfield",123-4567,12345-6789012-13,canderson,welcome1,Member
12,Kate,Thomas,Female,"909 Elm St, Springfield",234-5678,12345-6789012-14,kthomas,dragon123,Member
13,Mark,Lee,Male,"111 Oak St, Springfield",345-6789,12345-6789012-15,mlee,asdfghjkl,Trainer
14,Daisy,Jackson,Female,"222 Pine St, Springfield",456-7890,12345-6789012-16,djackson,baseball1,Owner
15,Paul,White,Male,"333 Birch St, Springfield",567-8901,12345-6789012-17,pwhite,football2,Member
16,Lucy,Harris,Female,"444 Cedar St, Springfield",678-9012,12345-6789012-18,lharris,monkey123,Member
17,Carl,Martin,Male,"555 Spruce St, Springfield",789-0123,12345-6789012-19,cmartin,love2code,Trainer
18,Nina,Lewis,Female,"666 Willow St, Springfield",890-1234,12345-6789012-20,nlewis,ninja123,Member
19,Adam,Walker,Male,"777 Ash St, Springfield",901-2345,12345-6789012-21,awalker,guitar456,Member
20,Anna,Young,Female,"888 Beech St, Springfield",012-3456,12345-6789012-22,ayoung,elephant7,Trainer
21,Nick,King,Male,"999 Fir St, Springfield",123-4567,12345-6789012-23,nking,chicken8,Member
22,Bella,Scott,Female,"1010 Elm St, Springfield",234-5678,12345-6789012-24,bscott,zebra9,Member
23,Ethan,Green,Male,"1111 Oak St, Springfield",345-6789,12345-6789012-25,egreen,python10,Trainer
24,Zoe,Baker,Female,"1212 Pine St, Springfield",456-7890,12345-6789012-26,zbaker,lion11,Owner
25,Mike,Hall,Male,"1313 Birch St, Springfield",567-8901,12345-6789012-27,mhall,butterfly,Member
26,Amy,Phillips,Female,"1414 Cedar St, Springfield",678-9012,12345-6789012-28,aphillips,bumblebee,Member
27,Ryan,Harris,Male,"1515 Spruce St, Springfield",789-0123,12345-6789012-29,rharris,rocket123,Member
28,Fiona,Turner,Female,"1616 Willow St, Springfield",890-1234,12345-6789012-30,fturner,avocado12,Admin
29,Jason,Collins,Male,"1717 Ash St, Springfield",901-2345,12345-6789012-31,jcollins,mango13,Member
30,Emma,Carter,Female,"1818 Beech St, Springfield",012-3456,12345-6789012-32,ecarter,banana14,Trainer
31,Ben,Mitchell,Male,"1919 Fir St, Springfield",123-4567,12345-6789012-33,bmitchell,blueberry,Admin
32,Kate,Roberts,Female,"2020 Elm St, Springfield",234-5678,12345-6789012-34,kroberts,raspberry,Owner
33,Liam,Evans,Male,"2121 Oak St, Springfield",345-6789,12345-6789012-35,levans,peach16,Trainer
34,Ava,Lewis,Female,"2222 Pine St, Springfield",456-7890,12345-6789012-36,alewis,watermelon,Admin
35,Noah,Johnson,Male,"2323 Birch St, Springfield",567-8901,12345-6789012-37,njohnson,kiwi18,Member
36,Mia,Brown,Female,"2424 Cedar St, Springfield",678-9012,12345-6789012-38,mbrown,apple19,Trainer
37,Ava,Martin,Female,"2525 Spruce St, Springfield",789-0123,12345-6789012-39,amartin,pear20,Owner
38,Jacob,White,Male,"2626 Willow St, Springfield",890-1234,12345-6789012-40,jwhite,lemon21,Member
39,Zoe,Young,Female,"2727 Ash St, Springfield",901-2345,12345-6789012-41,zyoung,mango22,Trainer
40,Ella,Harris,Female,"2828 Beech St, Springfield",012-3456,12345-6789012-42,eharris,kiwi23,Owner
41,John,Johnson,Male,"2929 Fir St, Springfield",123-4567,12345-6789012-43,jjohnson,strawberry,Member
42,Amy,Robinson,Female,"3030 Elm St, Springfield",234-5678,12345-6789012-44,arobinson,lime25,Trainer
43,Ryan,Scott,Male,"3131 Oak St, Springfield",345-6789,12345-6789012-45,rscott,peach26,Owner
44,Liam,Thompson,Male,"3232 Pine St, Springfield",456-7890,12345-6789012-46,lthompson,melon27,Member
45,Chloe,Harris,Female,"3333 Birch St, Springfield",567-8901,12345-6789012-47,charris,orange28,Owner
46,Jake,Anderson,Male,"3434 Cedar St, Springfield",678-9012,12345-6789012-48,janderson,pineapple,Admin
47,Olivia,Green,Female,"3535 Spruce St, Springfield",789-0123,12345-6789012-49,ogreen,strawberry,Member
48,Eva,Lewis,Female,"3636 Willow St, Springfield",890-1234,12345-6789012-50,elewis,lime30,Trainer
49,Kaf,Abbas,Male,"H13,Isb",123-456,37301-3030338-74,kafabbas,islamaba,Member
50,Akmal,Qasai,Make,"3232 Pine St, Springfield",456-123,41412-4142424-54,qasai,ahoagh,Member
